employee_id,first_name,last_name,email,phone_number,job_id,salary,commission_pct,manager_id,department_id,password
100,Steven,K_ing,SKING,515.123.4567,AD_PRES,24000,NULL,NULL,90,3iLsSzhdRPZ4tKWP
101,Neena,Kochhar,NKOCHHAR,515.123.4568,AD_VP,17000,NULL,100,90,T0AmYBOAKJKs5hOb
102,Lex,De Haan,LDEHAAN,515.123.4569,AD_VP,17000,NULL,100,90,valmFlUUeLYdDD3g
103,Alexander,Hunold,AHUNOLD,590.423.4567,IT_PROG,9000,NULL,102,60,DLfUaJolhnKY2V4Z
104,Bruce,Ernst,BERNST,590.423.4568,IT_PROG,6000,NULL,103,60,BKSWabFK8USOGv43
105,David,Austin,DAUSTIN,590.423.4569,IT_PROG,4800,NULL,103,60,fcjssVvDbvWPUhhz
106,Valli,Pataballa,VPATABAL,590.423.4560,IT_PROG,4800,NULL,103,60,qh5SsgiDtpje3Di2
107,Diana,Lorentz,DLORENTZ,590.423.5567,IT_PROG,4200,NULL,103,60,QdnB7w5Itvoa7pgQ
108,Nancy,Greenberg,NGREENBE,515.124.4569,FI_MGR,12000,NULL,101,100,mIjTprdJjpCypECa
109,Daniel,Faviet,DFAVIET,515.124.4169,FI_ACCOUNT,9000,NULL,108,100,cqAfOaIvNlJhn8Nf
110,John,Chen,JCHEN,515.124.4269,FI_ACCOUNT,8200,NULL,108,100,3vlBU2vMMvSopYZv
111,Ismael,Sciarra,ISCIARRA,515.124.4369,FI_ACCOUNT,7700,NULL,108,100,WHprfeec08l8fv6o
112,Jose Manuel,Urman,JMURMAN,515.124.4469,FI_ACCOUNT,7800,NULL,108,100,gpi3pPJtIii62fFI
113,Luis,Popp,LPOPP,515.124.4567,FI_ACCOUNT,6900,NULL,108,100,I0oznJxJkoyaUc25
114,Den,Raphaely,DRAPHEAL,515.127.4561,PU_MAN,11000,NULL,100,30,bhh1gDKNjRcaf1jr
115,Alexander,Khoo,AKHOO,515.127.4562,PU_CLERK,3100,NULL,114,30,g6KJjHR1F251oU2b
116,Shelli,Baida,SBAIDA,515.127.4563,PU_CLERK,2900,NULL,114,30,1QTrVdGrqQpwjhEt
117,Sigal,Tobias,STOBIAS,515.127.4564,PU_CLERK,2800,NULL,114,30,Hp5Gz7E5m8hkkYFe
118,Guy,Himuro,GHIMURO,515.127.4565,PU_CLERK,2600,NULL,114,30,PonuiZFsDnXnywq2
119,Karen,Colmenares,KCOLMENA,515.127.4566,PU_CLERK,2500,NULL,114,30,OaDSTQtfNRNI9hgs
120,Matthew,Weiss,MWEISS,650.123.1234,ST_MAN,8000,NULL,100,50,xVDq48eqkjp6zfLu
121,Adam,Fripp,AFRIPP,650.123.2234,ST_MAN,8200,NULL,100,50,xHSDLwtNKt7dr1SH
122,Payam,Kaufling,PKAUFLIN,650.123.3234,ST_MAN,7900,NULL,100,50,KaIZwfsPckMfI5an
123,Shanta,Vollman,SVOLLMAN,650.123.4234,ST_MAN,6500,NULL,100,50,RPgyi3FxYjtyu32M
124,Kevin,Mourgos,KMOURGOS,650.123.5234,ST_MAN,5800,NULL,100,50,SjgGPbyu2Oi6osoi
125,Julia,Nayer,JNAYER,650.124.1214,ST_CLERK,3200,NULL,120,50,lz2ofVgUG27byhYq
126,Irene,Mikkilineni,IMIKKILI,650.124.1224,ST_CLERK,2700,NULL,120,50,fDCadm0YtJ5LeiBL
127,James,Landry,JLANDRY,650.124.1334,ST_CLERK,2400,NULL,120,50,tyK4ioh4as9GIoGC
128,Steven,Markle,SMARKLE,650.124.1434,ST_CLERK,2200,NULL,120,50,I4mboddbynrvXH2m
129,Laura,Bissot,LBISSOT,650.124.5234,ST_CLERK,3300,NULL,121,50,uYC1qE8oYFInKrhS
130,Mozhe,Atkinson,MATKINSO,650.124.6234,ST_CLERK,2800,NULL,121,50,ZMsvuPKhA6YFTQmt
131,James,Marlow,JAMRLOW,650.124.7234,ST_CLERK,2500,NULL,121,50,CFvUdxEdSyZHevc8
132,TJ,Olson,TJOLSON,650.124.8234,ST_CLERK,2100,NULL,121,50,rYdzNqSj9c8JSarT
133,Jason,Mallin,JMALLIN,650.127.1934,ST_CLERK,3300,NULL,122,50,DmUrcOYC82JTT8Gm
134,Michael,Rogers,MROGERS,650.127.1834,ST_CLERK,2900,NULL,122,50,qCToxaHyWyl6FmyS
135,Ki,Gee,KGEE,650.127.1734,ST_CLERK,2400,NULL,122,50,vfUztHOWfDIhVLqF
136,Hazel,Philtanker,HPHILTAN,650.127.1634,ST_CLERK,2200,NULL,122,50,veJ46wJy1x5qbcTH
137,Renske,Ladwig,RLADWIG,650.121.1234,ST_CLERK,3600,NULL,123,50,TuKFKCMig01sFqaP
138,Stephen,Stiles,SSTILES,650.121.2034,ST_CLERK,3200,NULL,123,50,k76tDbIS1j6rtyvF
139,John,Seo,JSEO,650.121.2019,ST_CLERK,2700,NULL,123,50,2GzxURHrkGprd6nF
140,Joshua,Patel,JPATEL,650.121.1834,ST_CLERK,2500,NULL,123,50,VHx2d9xJdJ0dXzef
141,Trenna,Rajs,TRAJS,650.121.8009,ST_CLERK,3500,NULL,124,50,IJ6fYhN0RGNzqQyn
142,Curtis,Davies,CDAVIES,650.121.2994,ST_CLERK,3100,NULL,124,50,nGHCb4rEMFKQP6SU
143,Randall,Matos,RMATOS,650.121.2874,ST_CLERK,2600,NULL,124,50,noz6qoLSPpsko5db
144,Peter,Vargas,PVARGAS,650.121.2004,ST_CLERK,2500,NULL,124,50,vAXsXYbk8mBpNxZM
145,John,Russell,JRUSSEL,011.44.1344.429268,SA_MAN,14000,0.4,100,80,HhG0c42dk1WLRMWd
146,Karen,Partners,KPARTNER,011.44.1344.467268,SA_MAN,13500,0.3,100,80,FbNlB6xgTInRLeIK
147,Alberto,Errazuriz,AERRAZUR,011.44.1344.429278,SA_MAN,12000,0.3,100,80,zNFUygQrnqyehLjG
148,Gerald,Cambrault,GCAMBRAU,011.44.1344.619268,SA_MAN,11000,0.3,100,80,LMz6JhFsr21DaZNz
149,Eleni,Zlotkey,EZLOTKEY,011.44.1344.429018,SA_MAN,10500,0.2,100,80,dZVRl7ukVXiPMpdL
150,Peter,Tucker,PTUCKER,011.44.1344.129268,SA_REP,10000,0.3,145,80,nwuMYsQupS6QXHT6
151,David,Bernstein,DBERNSTE,011.44.1344.345268,SA_REP,9500,0.25,145,80,MjBqRwe5Jj3RBaQ2
152,Peter,Hall,PHALL,011.44.1344.478968,SA_REP,9000,0.25,145,80,wv6fnboLiL9auZLo
153,Christopher,Olsen,COLSEN,011.44.1344.498718,SA_REP,8000,0.2,145,80,dzqvTXF68z4uYrDy
154,Nanette,Cambrault,NCAMBRAU,011.44.1344.987668,SA_REP,7500,0.2,145,80,IPOJUYvUnmbwMtrJ
155,Oliver,Tuvault,OTUVAULT,011.44.1344.486508,SA_REP,7000,0.15,145,80,zXfdYcIPlMiP9kiC
156,Janette,K_ing,JKING,011.44.1345.429268,SA_REP,10000,0.35,146,80,oBrH1R5JUX7GX9w1
157,Patrick,Sully,PSULLY,011.44.1345.929268,SA_REP,9500,0.35,146,80,SLyCCiZLH7nLeZIH
158,Allan,McEwen,AMCEWEN,011.44.1345.829268,SA_REP,9000,0.35,146,80,F2ddgGsjJ4OfAcQl
159,Lindsey,Smith,LSMITH,011.44.1345.729268,SA_REP,8000,0.3,146,80,26N7inQ0y4Gxtytx
160,Louise,Doran,LDORAN,011.44.1345.629268,SA_REP,7500,0.3,146,80,mbgH3YnTGDmy3Cny
161,Sarath,Sewall,SSEWALL,011.44.1345.529268,SA_REP,7000,0.25,146,80,TF8G5uhDsOyNsTam
162,Clara,Vishney,CVISHNEY,011.44.1346.129268,SA_REP,10500,0.25,147,80,MV6qeH9mKQ2rj70d
163,Danielle,Greene,DGREENE,011.44.1346.229268,SA_REP,9500,0.15,147,80,sYVM1WSBnx6FuPaC
164,Mattea,Marvins,MMARVINS,011.44.1346.329268,SA_REP,7200,0.1,147,80,yqZP0HHZ73Y37m08
165,David,Lee,DLEE,011.44.1346.529268,SA_REP,6800,0.1,147,80,OmPScYn7wD47Eh7f
166,Sundar,Ande,SANDE,011.44.1346.629268,SA_REP,6400,0.1,147,80,VGBSvjMjmFIuTYbf
167,Amit,Banda,ABANDA,011.44.1346.729268,SA_REP,6200,0.1,147,80,V8p8k946v1zL7SkN
168,Lisa,Ozer,LOZER,011.44.1343.929268,SA_REP,11500,0.25,148,80,cueogX474QkZ9Vjp
169,Harrison,Bloom,HBLOOM,011.44.1343.829268,SA_REP,10000,0.2,148,80,IIaLZEYqLV5z1Hmv
170,Tayler,Fox,TFOX,011.44.1343.729268,SA_REP,9600,0.2,148,80,BPw6fUevYT77NKst
171,William,Smith,WSMITH,011.44.1343.629268,SA_REP,7400,0.15,148,80,RPSXUpJ8Q4Jr0545
172,Elizabeth,Bates,EBATES,011.44.1343.529268,SA_REP,7300,0.15,148,80,FhhYRo6SgfZvOppV
173,Sundita,Kumar,SKUMAR,011.44.1343.329268,SA_REP,6100,0.1,148,80,IG0lhtEzGprFKjU3
174,Ellen,Abel,EABEL,011.44.1644.429267,SA_REP,11000,0.3,149,80,lgLVrCNM2j1ityFj
175,Alyssa,Hutton,AHUTTON,011.44.1644.429266,SA_REP,8800,0.25,149,80,bzCSti98NUbb30a7
176,Jonathon,Taylor,JTAYLOR,011.44.1644.429265,SA_REP,8600,0.2,149,80,emHxjPgSHrZJguvy
177,Jack,Livingston,JLIVINGS,011.44.1644.429264,SA_REP,8400,0.2,149,80,VcjbvjqetOwZVeCQ
178,Kimberely,Grant,KGRANT,011.44.1644.429263,SA_REP,7000,0.15,149,NULL,5HUwlsVFhpNdi6eu
179,Charles,Johnson,CJOHNSON,011.44.1644.429262,SA_REP,6200,0.1,149,80,v9PDPexYpskPthla
180,Winston,Taylor,WTAYLOR,650.507.9876,SH_CLERK,3200,NULL,120,50,UmiSI2kSqmQwprZr
181,Jean,Fleaur,JFLEAUR,650.507.9877,SH_CLERK,3100,NULL,120,50,c1hvsgu3VuZ0B1f4
182,Martha,Sullivan,MSULLIVA,650.507.9878,SH_CLERK,2500,NULL,120,50,uwmxDxDxkPpP36V4
183,Girard,Geoni,GGEONI,650.507.9879,SH_CLERK,2800,NULL,120,50,0SRnMwCcoooEc6z2
184,Nandita,Sarchand,NSARCHAN,650.509.1876,SH_CLERK,4200,NULL,121,50,gW0VGAPB75WNL983
185,Alexis,Bull,ABULL,650.509.2876,SH_CLERK,4100,NULL,121,50,nLNHKoCYlcYIEL07
186,Julia,Dellinger,JDELLING,650.509.3876,SH_CLERK,3400,NULL,121,50,wzHnZngs3m0qpnC1
187,Anthony,Cabrio,ACABRIO,650.509.4876,SH_CLERK,3000,NULL,121,50,xiyOGFBsuC2lDRfo
188,Kelly,Chung,KCHUNG,650.505.1876,SH_CLERK,3800,NULL,122,50,0dAQzEf121K54Vls
189,Jennifer,Dilly,JDILLY,650.505.2876,SH_CLERK,3600,NULL,122,50,D1MleflZHGJxcLHf
190,Timothy,Gates,TGATES,650.505.3876,SH_CLERK,2900,NULL,122,50,Gc0le13r16obfjxD
191,Randall,Perkins,RPERKINS,650.505.4876,SH_CLERK,2500,NULL,122,50,vGeq1LWLulaJCaic
192,Sarah,Bell,SBELL,650.501.1876,SH_CLERK,4000,NULL,123,50,HujL5mykplVlGske
193,Britney,Everett,BEVERETT,650.501.2876,SH_CLERK,3900,NULL,123,50,aeIqdbF8yzS02B50
194,Samuel,McCain,SMCCAIN,650.501.3876,SH_CLERK,3200,NULL,123,50,SqIqOtVm4jFvEA0v
195,Vance,Jones,VJONES,650.501.4876,SH_CLERK,2800,NULL,123,50,LMdnSPnjgZxk6Zu8
196,Alana,Walsh,AWALSH,650.507.9811,SH_CLERK,3100,NULL,124,50,PrXTiHgOI5r3FEzH
197,Kevin,Feeney,KFEENEY,650.507.9822,SH_CLERK,3000,NULL,124,50,FWmKtQ8WQXLWXp1t
198,Donald,OConnell,DOCONNEL,650.507.9833,SH_CLERK,2600,NULL,124,50,MZ9JcP3Zg4dTcBRS
199,Douglas,Grant,DGRANT,650.507.9844,SH_CLERK,2600,NULL,124,50,0HUFNYoUaIzSiRhY
200,Jennifer,Whalen,JWHALEN,515.123.4444,AD_ASST,4400,NULL,101,10,8DwyKNveZKP68JyO
201,Michael,Hartstein,MHARTSTE,515.123.5555,MK_MAN,13000,NULL,100,20,X5oxLXYx0DxMhf2l
202,Pat,Fay,PFAY,603.123.6666,MK_REP,6000,NULL,201,20,yQQUqfGzcu068Ae3
203,Susan,Mavris,SMAVRIS,515.123.7777,HR_REP,6500,NULL,101,40,UoyLmjcNeTp4cdhy
204,Hermann,Baer,HBAER,515.123.8888,PR_REP,10000,NULL,101,70,PaTEdThWMikTkblV
205,Shelley,Higgins,SHIGGINS,515.123.8080,AC_MGR,12000,NULL,101,110,TJ5Gof5RmRSCraK4
206,William,Gietz,WGIETZ,515.123.8181,AC_ACCOUNT,8300,NULL,205,110,WHP3FGCyTq8fh37o
207,Lilith,Lawson,LAWSON,515.123.8182,SH_CLERK,8301,0.1,NULL,100,mGl6RXjb8UEdvDUy
208,Lane,Rojas,ROJAS,515.123.8183,SH_CLERK,8302,0.1,NULL,100,oe5uxZ7j8qOFbqew
209,Adaline,Vega,VEGA,515.123.8184,SH_CLERK,8303,0.1,NULL,100,FfHvsImMffjWvonn
210,Aidan,Hobbs,HOBBS,515.123.8185,SH_CLERK,8304,0.1,NULL,100,vmgQVaDzMM5gU78c
211,Lacey,Stokes,STOKES,515.123.8186,SH_CLERK,8305,0.1,NULL,100,voEAUpNp5oJYyOnt
212,Santana,Howard,HOWARD,515.123.8187,SH_CLERK,8306,0.11,NULL,100,TCKYkEgKsOa0Gco0
213,Sophie,Hanna,HANNA,515.123.8188,SH_CLERK,8307,0.11,NULL,100,0v3GLMmGii6aOKQP
214,Aydin,Jacobson,JACOBSON,515.123.8189,SH_CLERK,8308,0.11,NULL,100,KJXii9fQ3WRW6DiZ
215,Royal,Schultz,SCHULTZ,515.123.8190,SH_CLERK,8309,0.11,NULL,100,TfiikXTg5QVMdxBt
216,Cody,Jimenez,JIMENEZ,515.123.8191,SH_CLERK,8310,0.11,NULL,100,NfJLWJuCe1VzZE0l
217,Adeline,Archer,ARCHER,515.123.8192,SH_CLERK,8311,0.11,NULL,100,HAoPQhXqphmr7Qhk
218,Ephraim,Davidson,DAVIDSON,515.123.8193,AC_ACCOUNT,8312,0.11,NULL,100,dhhPm2wvAm67B8f6
219,Jayla,Bauer,BAUER,515.123.8194,AC_ACCOUNT,8313,0.11,NULL,100,HcG4HzFQTQpIxg5z
220,Kieran,Raymond,RAYMOND,515.123.8195,AC_ACCOUNT,8314,0.11,NULL,100,ZPHgZMDdFfGf4QNR
221,Hadlee,Hanna,HANNA,515.123.8196,AC_ACCOUNT,8315,0.11,NULL,100,E51oJLMgMc1qZPlu
222,Aydin,Gonzalez,GONZALEZ,515.123.8197,AC_ACCOUNT,8316,0.12,NULL,100,dQIEVLj6f0oBYhDm
223,Abigail,Cardenas,CARDENAS,515.123.8198,AC_ACCOUNT,8317,0.12,NULL,100,nha1WPBrfKcPzlJv
224,Johnathan,Kennedy,KENNEDY,515.123.8199,AC_ACCOUNT,8318,0.12,NULL,100,rcTaWdSjxw7khXli
225,Brianna,Owen,OWEN,515.123.8200,AC_ACCOUNT,8319,0.12,NULL,100,cknrW91ZBFslTGCM
226,Cannon,Gutierrez,GUTIERREZ,515.123.8201,AC_ACCOUNT,8320,0.12,NULL,100,1ay6hkB2OAUi17Dn
227,Savannah,Massey,MASSEY,515.123.8202,AC_ACCOUNT,8321,0.12,NULL,100,HGxokA1mwokFFkL8
228,Donald,Knight,KNIGHT,515.123.8203,AC_ACCOUNT,8322,0.12,NULL,100,4kuy4W9VZxSBIBkk
229,Gracie,Kerr,KERR,515.123.8204,AC_ACCOUNT,8323,0.12,NULL,100,k6PtfwgkQp4fq7rj
230,Louie,Gibson,GIBSON,515.123.8205,AC_ACCOUNT,8324,0.12,NULL,100,7iiqWVo4kfy1RrFn
231,Eden,Salazar,SALAZAR,515.123.8206,AC_ACCOUNT,8325,0.12,NULL,100,VCGCTStbHfrvRyMR
232,Brody,Horn,HORN,515.123.8207,AC_ACCOUNT,8326,0.13,NULL,100,taPqD2CtU4vuSnYp
233,Avah,Spence,SPENCE,515.123.8208,AC_ACCOUNT,8327,0.13,NULL,100,coFUn0C8P02hEuwO
234,Cillian,Simon,SIMON,515.123.8209,AC_ACCOUNT,8328,0.13,NULL,100,lONQgmcAlAQpFS5Z
235,Kalani,Jensen,JENSEN,515.123.8210,AC_ACCOUNT,8329,0.13,NULL,100,oVgaJWrfgQUqHvHh
236,Cash,Jones,JONES,515.123.8211,AC_ACCOUNT,8330,0.13,NULL,100,ZgIRHILWcZukuoEw
237,Sophia,Brady,BRADY,515.123.8212,AC_ACCOUNT,8331,0.13,NULL,100,Zmh6fMDpkX8O2u4d
238,Reed,Hernandez,HERNANDEZ,515.123.8213,AC_ACCOUNT,8332,0.13,NULL,100,Iom72uXiJKj3TRaU
239,Camila,Russo,RUSSO,515.123.8214,AC_ACCOUNT,8333,0.13,NULL,100,5sRluHCV1ckbxMy6
240,Jamie,Benton,BENTON,515.123.8215,AC_ACCOUNT,8334,0.13,NULL,100,jJIVwTQ1CFaWpTCL
241,Anais,Lloyd,LLOYD,515.123.8216,AC_ACCOUNT,8335,0.13,NULL,100,QQyddRIX3slwVZGj
242,Zaire,Terrell,TERRELL,515.123.8217,AC_ACCOUNT,8336,0.14,NULL,100,WxFx52aD1izpZSYb
243,Paityn,Mann,MANN,515.123.8218,AC_ACCOUNT,8337,0.14,NULL,100,XbQSS132FPjfHt6h
244,Nehemiah,Christensen,CHRISTENSEN,515.123.8219,AC_ACCOUNT,8338,0.14,NULL,100,E4NK8t2UHadJs6m5
245,Carmen,Lam,LAM,515.123.8220,AC_ACCOUNT,8339,0.14,NULL,100,cOiMXaGwTKgpcgc5
246,Bodie,Davenport,DAVENPORT,515.123.8221,AC_ACCOUNT,8340,0.14,NULL,100,XethJxuN4mgM10cg
247,Adrianna,Howell,HOWELL,515.123.8222,AC_ACCOUNT,8341,0.14,NULL,100,F1I22GAdZgSmW9WI
248,Bradley,Nixon,NIXON,515.123.8223,AC_ACCOUNT,8342,0.14,NULL,100,1UiyYftuwfLerLw7
249,Deborah,Webb,WEBB,515.123.8224,AC_ACCOUNT,8343,0.14,100,100,qtaKzPIenpvedVeg
250,Lorenzo,Palacios,PALACIOS,515.123.8225,AC_ACCOUNT,8344,0.14,100,100,GOJgsusU2U6XgZsE
251,Bria,Charles,CHARLES,515.123.8226,AC_ACCOUNT,8345,0.14,100,40,z8rsYmYEDZFo7xla
252,Conrad,Khan,KHAN,515.123.8227,AC_ACCOUNT,8346,0.15,100,40,MUGGPrB8KCE0QqwG
253,Mabel,Watson,WATSON,515.123.8228,AC_ACCOUNT,8347,0.15,100,40,nx7rSNZuLH6jY7DE
254,Greyson,Pope,POPE,515.123.8229,AC_ACCOUNT,8348,0.15,100,40,Nyz3HSEn5JlYYuRO
255,Aurelia,Terrell,TERRELL,515.123.8230,AC_ACCOUNT,8349,0.15,100,40,O0FZhiM0IdToVfNf
256,Jaxen,Herring,HERRING,515.123.8231,AC_ACCOUNT,8350,0.15,100,40,1srcQ8iUMDlmq5oG
257,Denver,Chang,CHANG,515.123.8232,AC_ACCOUNT,8351,0.15,100,40,YOucNTPpcOolSaVl
258,Ari,Durham,DURHAM,515.123.8233,AC_ACCOUNT,8352,0.15,100,40,wvieSDdK8Q1nIFgs
259,Tiffany,McCormick,MCCORMICK,515.123.8234,AC_ACCOUNT,8353,0.15,100,40,fbM2jv6eJxY7JXht
260,Jasiah,Navarro,NAVARRO,515.123.8235,AC_ACCOUNT,8354,0.15,100,40,u0x0dmyVaig2GiBH
261,Winter,Reynolds,REYNOLDS,515.123.8236,AC_ACCOUNT,8355,0.15,100,40,jrUwzsTnPXE5ABv2
262,Vincent,David,DAVID,515.123.8237,AC_ACCOUNT,8356,0.16,100,40,FE3mf20jX4wtIy9j
263,Haylee,Fry,FRY,515.123.8238,AC_ACCOUNT,8357,0.16,100,40,uR1VvgV2sIcMU3U2
264,Jacoby,Norman,NORMAN,515.123.8239,AC_ACCOUNT,8358,0.16,100,40,Mr4wtlqFT9pZvJOz
265,Malani,Sandoval,SANDOVAL,515.123.8240,AC_ACCOUNT,8359,0.16,100,40,zse1VCU6t13610L6
266,Brantley,Sanders,SANDERS,515.123.8241,AC_ACCOUNT,8360,0.16,100,40,DdEOlss93ityUsgs
267,Everleigh,Williams,WILLIAMS,515.123.8242,AC_ACCOUNT,8361,0.16,100,40,cDqRIffzKM3goZTi
268,Oliver,Sanders,SANDERS,515.123.8243,AC_ACCOUNT,8362,0.16,100,40,MNitJiZaho7FCIXx
269,Everleigh,Allison,ALLISON,515.123.8244,AC_ACCOUNT,8363,0.16,100,40,IA4u8qcRv82UUsfi
270,Dennis,Lopez,LOPEZ,515.123.8245,AC_ACCOUNT,8364,0.16,100,40,xVli6T1TJ8GbmsQ8
271,Gianna,Trejo,TREJO,515.123.8246,AC_ACCOUNT,8365,0.16,100,40,yVTJBVvQY1Y0VUxi
272,Wesson,Ryan,RYAN,515.123.8247,AC_ACCOUNT,8366,0.17,100,40,I0Jd1NdmjNC0y8eZ
273,Morgan,Esparza,ESPARZA,515.123.8248,AC_ACCOUNT,8367,0.17,100,40,K7tqGDQMP5noVacs
274,Carl,Greene,GREENE,515.123.8249,AC_ACCOUNT,8368,0.17,100,40,Af8oW8Zl8b0BufaW
275,Selena,Cox,COX,515.123.8250,AC_ACCOUNT,8369,0.17,100,40,as9fQQsp1WCpfHH5
276,Connor,Butler,BUTLER,515.123.8251,AC_ACCOUNT,8370,0.17,100,40,ShYpNrYYfsZLp5Wl
277,Athena,Molina,MOLINA,515.123.8252,AC_ACCOUNT,8371,0.17,100,40,iOn5WiogXIsnkarK
278,Prince,Horne,HORNE,515.123.8253,AC_ACCOUNT,8372,0.17,100,40,BbbrUmkUEgF31F0B
279,Marlowe,Vang,VANG,515.123.8254,AC_ACCOUNT,8373,0.17,100,40,ChvOpzHeQfhCyfgK
280,Jimmy,Potter,POTTER,515.123.8255,AC_ACCOUNT,8374,0.17,100,40,lvnYblSJNJboM0Mf
281,Rory,Fuller,FULLER,515.123.8256,AC_ACCOUNT,8375,0.17,100,40,UG1mxXVNmRHVIrzW
282,Andre,McDaniel,MCDANIEL,515.123.8257,AC_ACCOUNT,8376,0.18,100,40,O2moCgJUgTMvOUbo
283,Dahlia,Harrell,HARRELL,515.123.8258,AC_ACCOUNT,8377,0.18,100,40,fFNTc34dJtefVrMC
284,Nelson,Ho,HO,515.123.8259,AC_ACCOUNT,8378,0.18,100,40,fwzDwfynBNnRi8S4
285,Calliope,Bean,BEAN,515.123.8260,AC_ACCOUNT,8379,0.18,100,40,ZvA0TjE1kqV73EKm
286,Mccoy,Flowers,FLOWERS,515.123.8261,AC_ACCOUNT,8380,0.18,100,40,G3HkYSr8uLSYSNfW
287,Ariya,McKenzie,MCKENZIE,515.123.8262,AC_ACCOUNT,8381,0.18,100,40,PNcvJGJanK4poUPV
288,Scott,Moody,MOODY,515.123.8263,AC_ACCOUNT,8382,0.18,100,40,t30m0DUUW3I5fm8Z
289,Elaine,Yang,YANG,515.123.8264,AC_ACCOUNT,8383,0.18,100,40,173SWo2RbsjfG9t5
290,Malcolm,Cuevas,CUEVAS,515.123.8265,AC_ACCOUNT,8384,0.18,100,40,EJPru86HsEJQNiOU
291,Adele,Young,YOUNG,515.123.8266,AC_ACCOUNT,8385,0.18,100,40,ZzphDhnS72R3fDi1
292,Asher,Murphy,MURPHY,515.123.8267,AC_ACCOUNT,8386,0.19,100,40,AlEjq3eX945vzli5
293,Bella,Stevens,STEVENS,515.123.8268,AC_ACCOUNT,8387,0.19,100,40,2rTsVlwIbqdcyz7J
294,Zachary,Weiss,WEISS,515.123.8269,AC_ACCOUNT,8388,0.19,100,40,3f9ryZhwIlZZSeCR
295,Lennox,Blair,BLAIR,515.123.8270,AC_ACCOUNT,8389,0.19,100,40,tZjv5qzIW7QXlROD
296,Troy,Weaver,WEAVER,515.123.8271,AC_ACCOUNT,8390,0.19,100,40,MIBHsIDX3jIvs511
297,Teagan,Patel,PATEL,515.123.8272,AC_ACCOUNT,8391,0.19,100,40,6EejonhX6n0ah0YB
298,Parker,Carr,CARR,515.123.8273,AC_ACCOUNT,8392,0.19,100,40,EOIu46H8JN4d1PXc
299,Rowan,Blair,BLAIR,515.123.8274,AC_ACCOUNT,8393,0.19,100,40,12cNWHtSyEj2iD26
300,Troy,Ho,HO,515.123.8275,AC_ACCOUNT,8394,0.19,100,40,sgEADXvdRkeuRfre
301,Calliope,Horn,HORN,515.123.8276,AC_ACCOUNT,8395,0.19,100,40,5pQ02BIKehrhNsX8
302,Wilson,Blair,BLAIR,515.123.8277,AC_ACCOUNT,8396,0.2,100,40,zg0nVXvywYyiSTfY
303,Frances,Webster,WEBSTER,515.123.8278,AC_ACCOUNT,8397,0.2,100,40,z5ifAd4pWvrkQeoP
304,Shawn,Carey,CAREY,515.123.8279,AC_ACCOUNT,8398,0.2,100,40,bosxZboR5VRb2m3z
305,Alora,McDaniel,MCDANIEL,515.123.8280,AC_ACCOUNT,8399,0.2,100,40,mMkHK5q0ukkpCLPJ
306,Major,Compton,COMPTON,515.123.8281,AC_ACCOUNT,8400,0.2,100,40,1p1QaEMgGcf8RWuw
307,Elina,Palacios,PALACIOS,515.123.8282,AC_ACCOUNT,8401,0.2,100,40,aCQdRBNSNE0reSo1
308,Thaddeus,Myers,MYERS,515.123.8283,AC_ACCOUNT,8402,0.2,100,40,EZKLSvYxXx1bMS50
309,Lydia,Branch,BRANCH,515.123.8284,AC_ACCOUNT,8403,0.2,100,40,c4wcs4PVHM8Muom0
310,Keenan,Potts,POTTS,515.123.8285,FI_ACCOUNT,8404,0.2,100,40,TjPs74g3WkWN086J
311,Ellison,Bowen,BOWEN,515.123.8286,FI_ACCOUNT,8405,0.2,100,40,heysFx1ox53t6UHL
312,Trevor,Ali,ALI,515.123.8287,FI_ACCOUNT,8406,0.21,100,40,O2x1bHNpxJVgGqA1
313,Zelda,Orozco,OROZCO,515.123.8288,FI_ACCOUNT,8407,0.21,100,40,XUEy6vRlk65UvlTc
314,Keanu,Ballard,BALLARD,515.123.8289,FI_ACCOUNT,8408,0.21,100,40,kpIhO0hzogTP1PVr
315,Alejandra,Abbott,ABBOTT,515.123.8290,FI_ACCOUNT,8409,0.21,103,40,pK7FssgwSIZ8f6Va
316,Kohen,Moreno,MORENO,515.123.8291,FI_ACCOUNT,8410,0.21,103,40,xeU18zGUWvcqg7wu
317,Mary,Chapman,CHAPMAN,515.123.8292,FI_ACCOUNT,8411,0.21,103,40,SHk184GiFDHqP231
318,Knox,Glover,GLOVER,515.123.8293,FI_ACCOUNT,8412,0.21,103,40,VUVpwT9bnZfJ0cUB
319,Alessia,Pierce,PIERCE,515.123.8294,FI_ACCOUNT,8413,0.21,103,40,TPncKqmN0BXfls6H
320,Nicolas,Villalobos,VILLALOBOS,515.123.8295,FI_ACCOUNT,8414,0.21,103,40,PfTGx0Z1Vf4IzlCv
321,Zoya,Bryant,BRYANT,515.123.8296,FI_ACCOUNT,8415,0.21,103,40,jzOQLg3e1XnJcJKp
322,Jonah,Hanson,HANSON,515.123.8297,FI_ACCOUNT,8416,0.22,103,40,jLKJT44oILG9EnEC
323,Mariana,Campbell,CAMPBELL,515.123.8298,FI_ACCOUNT,8417,0.22,103,40,gn6JEEPDK6uKFUqH
324,Christopher,Barton,BARTON,515.123.8299,FI_ACCOUNT,8418,0.22,103,40,sva8j4dQVukrHBHe
325,Danna,Brooks,BROOKS,515.123.8300,FI_ACCOUNT,8419,0.22,103,40,UD3O73PD3uyYMBTc
326,Jordan,Singh,SINGH,515.123.8301,FI_ACCOUNT,8420,0.22,103,40,NN6CQVhzpJ5iFC1I
327,Vivienne,Duke,DUKE,515.123.8302,FI_ACCOUNT,8421,0.22,103,40,INK4esYjxMF8QwWX
328,Kalel,Gill,GILL,515.123.8303,FI_ACCOUNT,8422,0.22,103,40,X6pYmNdzwK73vwCq
329,Jordan,Strong,STRONG,515.123.8304,FI_ACCOUNT,8423,0.22,103,40,rR2fvgVVH3RbQfoM
330,Axl,Vaughan,VAUGHAN,515.123.8305,FI_ACCOUNT,8424,0.22,103,40,ItTaTsaSw5CmS5Qg
331,Nancy,Floyd,FLOYD,515.123.8306,FI_ACCOUNT,8425,0.22,103,40,Vnt9ZjWegcC6Q8ME
332,Pierce,Andrade,ANDRADE,515.123.8307,FI_ACCOUNT,8426,0.23,103,40,lcg1B0oBH2gkPIWN
333,Emmy,Cisneros,CISNEROS,515.123.8308,FI_ACCOUNT,8427,0.23,103,40,caEhg400ktvowUqS
334,Alden,Goodwin,GOODWIN,515.123.8309,FI_ACCOUNT,8428,0.23,103,40,JT5TMNW2DIujw42y
335,Shiloh,Phan,PHAN,515.123.8310,FI_ACCOUNT,8429,0.23,103,40,BvJor1xY5LbYPSHz
336,Maison,Schwartz,SCHWARTZ,515.123.8311,FI_ACCOUNT,8430,0.23,103,40,CZEcKbPzTwzm9YUn
337,Lilliana,George,GEORGE,515.123.8312,FI_ACCOUNT,8431,0.23,103,40,dRDmb7rsTZmGoMZ4
338,Mark,Nelson,NELSON,515.123.8313,FI_ACCOUNT,8432,0.23,103,40,bK8mZwaSFUeJSJli
339,Everly,Reynolds,REYNOLDS,515.123.8314,FI_ACCOUNT,8433,0.23,103,40,BECzPRsuIYMllkCy
340,Vincent,Bruce,BRUCE,515.123.8315,FI_ACCOUNT,8434,0.23,103,40,k6LfSEcxEPB9rdJa
341,Marilyn,Hutchinson,HUTCHINSON,515.123.8316,FI_ACCOUNT,8435,0.23,103,40,zmKqPuVtmR4daUGs
342,Korbin,Burgess,BURGESS,515.123.8317,FI_ACCOUNT,8436,0.24,103,40,DP31r88Tl0PRYDhf
343,Emory,Baker,BAKER,515.123.8318,FI_ACCOUNT,8437,0.24,103,40,FGlVCtvstD7wgJsW
344,Ezra,ODonnell,ODONNELL,515.123.8319,FI_ACCOUNT,8438,0.24,103,40,XnX02IsqwBUn3xsp
345,Bellamy,Stein,STEIN,515.123.8320,FI_ACCOUNT,8439,0.24,103,40,cHWHOOIb9aQ6n5wN
346,Creed,ONeill,ONEILL,515.123.8321,FI_ACCOUNT,8440,0.24,103,40,tFv0HlUsxqLkSzpu
347,Kenna,Turner,TURNER,515.123.8322,FI_ACCOUNT,8441,0.24,103,40,2E6EwJ4MZYIiZIPn
348,Joshua,Atkins,ATKINS,515.123.8323,FI_ACCOUNT,8442,0.24,103,40,VpzPGi0cDfwfq7CT
349,Mina,Carter,CARTER,515.123.8324,FI_ACCOUNT,8443,0.24,103,40,uNEXvcrH9XVlT71Z
350,Maverick,Atkins,ATKINS,515.123.8325,FI_ACCOUNT,8444,0.24,103,40,CJMyEYbB1JqulLvn
351,Mina,Johnson,JOHNSON,515.123.8326,FI_ACCOUNT,8445,0.24,103,40,PF1THaNqPHgtW8Dc
352,Noah,Portillo,PORTILLO,515.123.8327,FI_ACCOUNT,8446,0.25,103,40,ZDkoQ6paqIqRlgFg
353,Nathalie,Guerra,GUERRA,515.123.8328,FI_ACCOUNT,8447,0.25,103,40,20Ewzn5mcRZDEkqj
354,Leland,Melendez,MELENDEZ,515.123.8329,FI_ACCOUNT,8448,0.25,103,40,KrwYJeATvzuJg8bu
355,Bethany,Tyler,TYLER,515.123.8330,FI_ACCOUNT,8449,0.25,103,50,2EnpLp1qgo0IjsGW
356,Emmitt,Kemp,KEMP,515.123.8331,FI_ACCOUNT,8450,0.25,103,50,KjCEOj6dly04YJ8W
357,Anika,Allen,ALLEN,515.123.8332,FI_ACCOUNT,8451,0.25,103,50,d6KhEzkcjf3UHHkW
358,Carter,Pollard,POLLARD,515.123.8333,FI_ACCOUNT,8452,0.25,103,50,uh7ghGaaCrHunvMq
359,Marisol,Harrison,HARRISON,515.123.8334,FI_ACCOUNT,8453,0.25,103,50,dpFrreVmBB7htZZz
360,Gavin,Escobar,ESCOBAR,515.123.8335,FI_ACCOUNT,8454,0.25,103,50,MzOQAor7jW9Mzzm4
361,Erin,Robinson,ROBINSON,515.123.8336,FI_ACCOUNT,8455,0.25,103,50,uxxgWNRRjvpkx4af
362,Matthew,Fields,FIELDS,515.123.8337,FI_ACCOUNT,8456,0.26,103,50,yYdj4qqZou2DyHHO
363,Annie,Terrell,TERRELL,515.123.8338,FI_ACCOUNT,8457,0.26,103,50,qFxrGNNdXDZdh8OI
364,Jaxen,Boyd,BOYD,515.123.8339,FI_ACCOUNT,8458,0.26,103,50,cN7zOeRoe1Iy5sFq
365,Georgia,Kline,KLINE,515.123.8340,FI_ACCOUNT,8459,0.26,103,50,PLHK0rQibyERyi5q
366,Ramon,Payne,PAYNE,515.123.8341,FI_ACCOUNT,8460,0.26,103,50,5XriRPYzsarkU08g
367,London,Wells,WELLS,515.123.8342,FI_ACCOUNT,8461,0.26,103,50,t8FptPtqs3kLj68z
368,Max,Ross,ROSS,515.123.8343,FI_ACCOUNT,8462,0.26,103,50,LHd4qwgkDJd4tVVy
369,Peyton,Larson,LARSON,515.123.8344,FI_ACCOUNT,8463,0.26,103,50,e1COZSTt2W72uuSs
370,Rafael,Mills,MILLS,515.123.8345,FI_ACCOUNT,8464,0.26,103,50,rhmHmloL6SOs3yBi
371,June,Owens,OWENS,515.123.8346,FI_ACCOUNT,8465,0.26,103,50,zABdeyoepTJBQkM8
372,Adriel,Hinton,HINTON,515.123.8347,FI_ACCOUNT,8466,0.27,103,50,VKekvn0mYVayQbTr
373,Jaelynn,Barrett,BARRETT,515.123.8348,FI_ACCOUNT,8467,0.27,103,50,8RS4uHq8KWV7CDqd
374,Angelo,Hubbard,HUBBARD,515.123.8349,FI_ACCOUNT,8468,0.27,103,50,m1N5RfDQSjKRdgzj
375,Rosie,Lang,LANG,515.123.8350,FI_ACCOUNT,8469,0.27,103,50,nAcFGEC2GMAEtxKz
376,Wells,Ryan,RYAN,515.123.8351,FI_ACCOUNT,8470,0.27,103,50,VSPXIyEWMqiuZvz4
377,Morgan,Price,PRICE,515.123.8352,FI_ACCOUNT,8471,0.27,103,50,IMNA5EyEbEBeDf1K
378,Brooks,Berg,BERG,515.123.8353,FI_ACCOUNT,8472,0.27,103,50,o1rdtoSXUxu6obTf
379,Emmalyn,Myers,MYERS,515.123.8354,FI_ACCOUNT,8473,0.27,103,50,ZkOrBLPLKl2O53m7
380,Adam,Bass,BASS,515.123.8355,FI_ACCOUNT,8474,0.27,103,50,gndQLwjOn3naNEuC
381,Zahra,Wood,WOOD,515.123.8356,FI_ACCOUNT,8475,0.27,103,50,mEbAWgO4ItLjtOEw
382,Carson,OConnell,OCONNELL,515.123.8357,FI_ACCOUNT,8476,0.28,103,50,dn5clHPwF5iKfwah
383,Jillian,Sullivan,SULLIVAN,515.123.8358,FI_ACCOUNT,8477,0.28,103,50,XE67H2024GPwyIOx
384,Evan,Farrell,FARRELL,515.123.8359,FI_ACCOUNT,8478,0.28,103,50,pEsPvvq6cis5YSyb
385,Kassidy,Little,LITTLE,515.123.8360,FI_ACCOUNT,8479,0.28,103,50,TRfgFCmSJjQK251G
386,Lennox,Mercado,MERCADO,515.123.8361,FI_ACCOUNT,8480,0.28,103,50,DfvG49q7lM7BQFJc
387,Mckinley,Myers,MYERS,515.123.8362,FI_ACCOUNT,8481,0.28,103,50,cjmNpSCPyIuGUb07
388,Adam,Burgess,BURGESS,515.123.8363,FI_ACCOUNT,8482,0.28,103,50,UR04OGyGLq2tHLov
389,Emory,Hodge,HODGE,515.123.8364,FI_ACCOUNT,8483,0.28,103,50,OItQdRj9MsEYuGUj
390,Reign,Petersen,PETERSEN,515.123.8365,FI_ACCOUNT,8484,0.28,103,50,S6lxbn2nWrI2XC8D
391,Fernanda,Clarke,CLARKE,515.123.8366,FI_ACCOUNT,8485,0.28,103,50,IfxlrqEX7CH8gAgx
392,Stetson,Banks,BANKS,515.123.8367,FI_ACCOUNT,8486,0.29,103,50,CpudvgUssepce284
393,Cali,Elliott,ELLIOTT,515.123.8368,FI_ACCOUNT,8487,0.29,103,50,0rdXQ2uGiaeiDvZC
394,Blake,Berg,BERG,515.123.8369,FI_ACCOUNT,8488,0.29,103,50,OLkID8My5qJ5qFkf
395,Emmalyn,ODonnell,ODONNELL,515.123.8370,FI_ACCOUNT,8489,0.29,103,50,GrCKW57QgFiKRicg
396,Lian,Sharp,SHARP,515.123.8371,FI_ACCOUNT,8490,0.29,103,50,wFHCOQgItCJ5tQON
397,Camryn,Phelps,PHELPS,515.123.8372,FI_ACCOUNT,8491,0.29,103,50,AhLpXYNicQS7ppL3
398,Hamza,Chang,CHANG,515.123.8373,FI_ACCOUNT,8492,0.29,103,50,tuuPh1YOXagaTA0S
399,Ophelia,Hanna,HANNA,515.123.8374,FI_ACCOUNT,8493,0.29,103,50,Hqp7T0igxX7PnV2c
400,Aydin,Le,LE,515.123.8375,FI_ACCOUNT,8494,0.29,103,50,6PDLQCkRUnD1AHjO
401,Myla,Campbell,CAMPBELL,515.123.8376,FI_ACCOUNT,8495,0.29,103,50,h3OtK2dgdaZt2f91
402,Christopher,Beltran,BELTRAN,515.123.8377,FI_ACCOUNT,8496,0.3,103,50,r7jxlPpyzZB0saQd
403,Kaydence,Cano,CANO,515.123.8378,FI_ACCOUNT,8497,0.3,103,50,ob4achIsGvHt1mhG
404,Terry,Felix,FELIX,515.123.8379,FI_ACCOUNT,8498,0.3,103,50,wAJwCJ2W1MAhQAIV
405,Paisleigh,ONeill,ONEILL,515.123.8380,FI_ACCOUNT,8499,0.3,103,50,pqyUlVCjnEDN26R3
406,Marcel,Dunn,DUNN,515.123.8381,FI_ACCOUNT,8500,0.3,103,50,oX0sYjJunoIugjUd
407,Olive,Davis,DAVIS,515.123.8382,FI_ACCOUNT,8501,0.3,103,50,So0wDIqQuBO8u645
408,Lucas,Marin,MARIN,515.123.8383,FI_ACCOUNT,8502,0.3,103,50,adVztDqn6Cx2yugv
409,Celia,Booker,BOOKER,515.123.8384,FI_ACCOUNT,8503,0.3,103,50,rdFCRjBaZrfXnKVw
410,Dominik,Montes,MONTES,515.123.8385,FI_ACCOUNT,8504,0.3,103,50,BJO7tNegJkIVVfOm
411,Roselyn,Meza,MEZA,515.123.8386,FI_ACCOUNT,8505,0.3,103,50,JksaO0RM1tEuFudB
412,Lucian,Cano,CANO,515.123.8387,FI_ACCOUNT,8506,0.31,103,50,TgsTeugdfpcX286b
413,Egypt,Malone,MALONE,515.123.8388,FI_ACCOUNT,8507,0.31,103,50,FViwM2jX1fZq0VhP
414,Ruben,Li,LI,515.123.8389,FI_ACCOUNT,8508,0.31,103,50,gDkncdhTYfDHCx2q
415,Paige,Crosby,CROSBY,515.123.8390,FI_ACCOUNT,8509,0.31,103,50,nhQD3R03UU36E5E8
416,Tristen,Moon,MOON,515.123.8391,FI_ACCOUNT,8510,0.31,103,50,p8pZyUgqigcQ6FEB
417,Naya,Peters,PETERS,515.123.8392,FI_ACCOUNT,8511,0.31,103,50,gPHkRdkjJBbIt3Mz
418,Patrick,Huynh,HUYNH,515.123.8393,FI_ACCOUNT,8512,0.31,103,50,nY0zcm8rJZyRivHd
419,Oaklee,Walter,WALTER,515.123.8394,FI_ACCOUNT,8513,0.31,103,50,1AbIC0r7GxunCC0L
420,Lochlan,Graves,GRAVES,515.123.8395,FI_ACCOUNT,8514,0.31,103,50,heO4y7SKQp3cjWSK
421,Elle,Compton,COMPTON,515.123.8396,FI_ACCOUNT,8515,0.31,103,50,KY1ynHFWZB0e7Scw
422,Abner,Figueroa,FIGUEROA,515.123.8397,FI_ACCOUNT,8516,0.32,103,50,bxlc0TnlP83h7sCi
423,Lilith,Bennett,BENNETT,515.123.8398,FI_ACCOUNT,8517,0.32,103,50,Q1SN3DWgxUrLdXaW
424,Leonardo,Hansen,HANSEN,515.123.8399,FI_ACCOUNT,8518,0.32,103,50,aDxtNLeUNGTWR0Gr
425,Hope,Randolph,RANDOLPH,515.123.8400,FI_ACCOUNT,8519,0.32,103,50,ebM63xmFoyOdQJLx
426,Eugene,Rhodes,RHODES,515.123.8401,FI_ACCOUNT,8520,0.32,103,50,9hL81uAXXfggkisu
427,Tatum,Goodwin,GOODWIN,515.123.8402,FI_ACCOUNT,8521,0.32,103,50,DNFkx6tjbxGLUJgc
428,Kaison,Davidson,DAVIDSON,515.123.8403,FI_ACCOUNT,8522,0.32,103,50,eTRj0SUO4Y2DHbLq
429,Jayla,Buckley,BUCKLEY,515.123.8404,FI_ACCOUNT,8523,0.32,103,50,SM21BzspfkYYP61w
430,Aryan,Ventura,VENTURA,515.123.8405,FI_ACCOUNT,8524,0.32,103,50,H8dXMNrp2piTnVKL
431,Zora,McKinney,MCKINNEY,515.123.8406,FI_ACCOUNT,8525,0.32,103,50,wCaUgqmd3Gwtbwzb
432,Romeo,James,JAMES,515.123.8407,FI_ACCOUNT,8526,0.33,103,50,YlbWmKmI0BLShqJb
433,Quinn,Moon,MOON,515.123.8408,FI_ACCOUNT,8527,0.33,103,50,srbw4zzjgQG832i3
434,Nova,Guzman,GUZMAN,515.123.8409,FI_ACCOUNT,8528,0.33,103,50,zQjoAoxdGlWTjq0K
435,Ashley,Meadows,MEADOWS,515.123.8410,FI_ACCOUNT,8529,0.33,103,50,oUrqaSk83CKzTGFv
436,Wayne,Rich,RICH,515.123.8411,FI_ACCOUNT,8530,0.33,103,50,OqmPVu47AH9dXbRx
437,Sunny,Farrell,FARRELL,515.123.8412,FI_ACCOUNT,8531,0.33,103,50,od74RJSvyKSUOsIE
438,Ty,Lindsey,LINDSEY,515.123.8413,FI_ACCOUNT,8532,0.33,103,50,saGbRFnmfDibwre0
439,Colette,Shepherd,SHEPHERD,515.123.8414,FI_ACCOUNT,8533,0.33,103,50,s7dGjRUdpNoVvnLf
440,Ronald,Chan,CHAN,515.123.8415,FI_ACCOUNT,8534,0.33,103,50,mJEVBQlhMPqHlXAf
441,Hattie,Figueroa,FIGUEROA,515.123.8416,FI_ACCOUNT,8535,0.33,103,50,lO8KnyFyQLwKKY9H
442,Spencer,Cabrera,CABRERA,515.123.8417,FI_ACCOUNT,8536,0.34,103,50,YOIrHEOOA2Wq2WTq
443,Daleyza,Rasmussen,RASMUSSEN,515.123.8418,FI_ACCOUNT,8537,0.34,103,50,jjmpBudydH4jTKyq
444,Will,Herman,HERMAN,515.123.8419,FI_ACCOUNT,8538,0.34,103,50,2yZueKcxXs5NZy8Q
445,Paulina,Guevara,GUEVARA,515.123.8420,FI_ACCOUNT,8539,0.34,103,50,kGr1AgwFZQTMOLBV
446,Tommy,Cohen,COHEN,515.123.8421,AD_VP,8540,0.34,103,50,lS2GKtuIwnSMtM3r
447,Destiny,Rich,RICH,515.123.8422,AD_VP,8541,0.34,103,50,gnxFyf0jaJSc4j1T
448,Miller,Gould,GOULD,515.123.8423,AD_VP,8542,0.34,103,50,b6KkollvzDtY45TM
449,Violeta,Green,GREEN,515.123.8424,AD_VP,8543,0.34,103,50,GDWJ493we0YF401Q
450,Anthony,Guerra,GUERRA,515.123.8425,AD_VP,8544,0.34,103,50,U6zP77Xrv78p88Mu
451,Edith,Leach,LEACH,515.123.8426,AD_VP,8545,0.34,103,50,lbn7pBnwvNxEdYv3
452,Westin,Schmitt,SCHMITT,515.123.8427,AD_VP,8546,0.35,103,50,ytVjTw1jYzz6QbGp
453,Queen,Moses,MOSES,515.123.8428,AD_VP,8547,0.35,103,50,d6YfzqNSibFEnFFo
454,Niklaus,Hopkins,HOPKINS,515.123.8429,AD_VP,8548,0.35,103,50,MkvNni3KdnjP7VWB
455,Gabriela,Palmer,PALMER,515.123.8430,AD_VP,8549,0.35,103,50,3XzzWZVCvo2uglY6
456,Theo,Little,LITTLE,515.123.8431,AD_VP,8550,0.35,103,50,v2j2tBVPFzdt7EHz
457,Harley,Jacobs,JACOBS,515.123.8432,AD_VP,8551,0.35,103,50,WcGh8lcYzhNEJR3x
458,Bryan,Patton,PATTON,515.123.8433,AD_VP,8552,0.35,103,50,Z8AF7xbhSekFoUnJ
459,Lorelei,Mathis,MATHIS,515.123.8434,AD_VP,8553,0.35,103,50,w1dIKUiFtuqQOsCp
460,Gustavo,Xiong,XIONG,515.123.8435,AD_VP,8554,0.35,103,50,luZCZx5eoV0rtOYx
461,Amayah,Baxter,BAXTER,515.123.8436,AD_VP,8555,0.35,103,50,XsfpG0de38uIHLEr
462,Tomas,Andrews,ANDREWS,515.123.8437,AD_VP,8556,0.36,103,50,PgggGJMFosx4WEQv
463,Payton,Chambers,CHAMBERS,515.123.8438,AD_VP,8557,0.36,103,50,Wfb34WJR0hlxqCq6
464,Orion,McKenzie,MCKENZIE,515.123.8439,AD_VP,8558,0.36,103,50,vN80Zep5rVRZ9Obh
465,Briar,McCoy,MCCOY,515.123.8440,AD_VP,8559,0.36,103,50,4XFDXysDJge7qwdl
466,Jett,Munoz,MUNOZ,515.123.8441,AD_VP,8560,0.36,103,50,qGXgE24Qasnsx2WU
467,Kehlani,Pratt,PRATT,515.123.8442,AD_VP,8561,0.36,103,50,ehaDaqPo3lXXnQVu
468,Rowen,Orozco,OROZCO,515.123.8443,AD_VP,8562,0.36,103,50,e0WxHHD4hj1BR90u
469,Renata,ONeill,ONEILL,515.123.8444,AD_VP,8563,0.36,103,50,gBSIiNM6aZFgjNyI
470,Marcel,Wong,WONG,515.123.8445,AD_VP,8564,0.36,103,50,NTRq2g0AvoiaOZtE
471,Adelaide,Bass,BASS,515.123.8446,AD_VP,8565,0.36,108,50,NJqEUQQ6VxJYwiK7
472,Landen,Crane,CRANE,515.123.8447,AD_VP,8566,0.37,108,50,hlYPhrq7U8VRYm6Q
473,Della,Bonilla,BONILLA,515.123.8448,AD_VP,8567,0.37,108,50,DB4TZnmr8Y9EK6KF
474,Aden,Tran,TRAN,515.123.8449,AD_VP,8568,0.37,108,50,RKjyeCGDbtYfs2Gf
475,Kylie,Duncan,DUNCAN,515.123.8450,AD_VP,8569,0.37,108,50,1QG2X0KYeEYgB3nM
476,Avery,Hale,HALE,515.123.8451,AD_VP,8570,0.37,108,50,Iv2xboIYC5vHrF5S
477,Brinley,Cunningham,CUNNINGHAM,515.123.8452,AD_VP,8571,0.37,108,50,1y2bMrctrdLWayKI
478,Alejandro,Ross,ROSS,515.123.8453,AD_VP,8572,0.37,108,50,MtwjDk4r6wyHiaqK
479,Peyton,Leonard,LEONARD,515.123.8454,AD_VP,8573,0.37,108,50,Sw1TgST8czE7qPhE
480,Ricardo,Gilmore,GILMORE,515.123.8455,AD_VP,8574,0.37,108,70,uEcWE0kpE7pzlpxY
481,Chanel,Wright,WRIGHT,515.123.8456,AD_VP,8575,0.37,108,70,hdFcG8I2IEjeP6yE
482,Grayson,Lugo,LUGO,515.123.8457,AD_VP,8576,0.38,108,70,ivGdmoDw3e0NvBGt
483,Kaylie,Camacho,CAMACHO,515.123.8458,AD_VP,8577,0.38,108,70,FID6wqUoxzOOOK2y
484,Tatum,Nichols,NICHOLS,515.123.8459,AD_VP,8578,0.38,108,70,fjrCKvbsLCrP2yAn
485,Aliyah,Wiggins,WIGGINS,515.123.8460,AD_VP,8579,0.38,108,70,hXfIu9LEGjWSSc6R
486,Azariah,Garza,GARZA,515.123.8461,AD_VP,8580,0.38,108,70,2pGRV8JfF3XFce8h
487,River,Travis,TRAVIS,515.123.8462,AD_VP,8581,0.38,108,70,80XCETiV4jCnnVSu
488,Willie,Page,PAGE,515.123.8463,AD_VP,8582,0.38,108,70,vTqmDcT31oFuMn3v
489,Cataleya,Norris,NORRIS,515.123.8464,AD_VP,8583,0.38,108,70,3MIqOYMDIvNxBMFK
490,Cairo,Copeland,COPELAND,515.123.8465,AD_VP,8584,0.38,108,70,efdLMKKDWszXM6bv
491,Dayana,Reese,REESE,515.123.8466,AD_VP,8585,0.38,108,70,Vvss1UdeJak8YxDf
492,Alijah,Reyes,REYES,515.123.8467,AD_VP,8586,0.39,108,70,tB7YvUFtHQXK1zIF
493,Audrey,Hendrix,HENDRIX,515.123.8468,AD_VP,8587,0.39,108,70,mqwbaVq4mndve4qq
494,Korbyn,Barrett,BARRETT,515.123.8469,AD_VP,8588,0.39,108,70,0AtfjP8458xwdOKE
495,Kendall,Roth,ROTH,515.123.8470,AD_VP,8589,0.39,108,70,OCwQUbnpAugxNe05
496,Roy,Lozano,LOZANO,515.123.8471,AD_VP,8590,0.39,108,70,E2opkh8ehcDpMmEb
497,Cecelia,Andersen,ANDERSEN,515.123.8472,AD_VP,8591,0.39,108,70,FBYzYQyuHLYCjm0g
498,Alistair,Sandoval,SANDOVAL,515.123.8473,AD_VP,8592,0.39,108,70,TC4FdBJX4swcmI46
499,Elsie,Vu,VU,515.123.8474,AD_VP,8593,0.39,108,70,GSbcbkhFMDFdaYZo
500,Kamdyn,Holt,HOLT,515.123.8475,AD_VP,8594,0.39,108,70,44bPPliqc2FpLJPC
501,Adelynn,Moss,MOSS,515.123.8476,AD_VP,8595,0.39,108,70,69GEySNBBFjqjpcm
502,Porter,Richmond,RICHMOND,515.123.8477,AD_VP,8596,0.4,108,70,vBBKuWsFFSX5RgwS
503,Whitney,Lopez,LOPEZ,515.123.8478,AD_VP,8597,0.4,108,70,IPjE60JsVHDuc3RO
504,Michael,Garrison,GARRISON,515.123.8479,AD_VP,8598,0.4,108,70,qeEpURKGfZwpzi1I
505,Cadence,Frye,FRYE,515.123.8480,AD_VP,8599,0.4,108,70,RSl38FT2YbBbdQl9
506,Franco,Peters,PETERS,515.123.8481,AD_VP,8600,0.4,108,70,8V8QRQch1PUKQ7ww
507,Leila,Munoz,MUNOZ,515.123.8482,AD_VP,8601,0.4,108,70,XQq2fujhwfYkx8UO
508,Justin,Park,PARK,515.123.8483,AD_VP,8602,0.4,108,70,ZXL786iptYPnu8JC
509,Lia,Duarte,DUARTE,515.123.8484,AD_VP,8603,0.4,108,70,XFOzj1FUMPTph0lH
510,Abdullah,Nash,NASH,515.123.8485,AD_VP,8604,0.4,108,70,NWvdCtyZKK6sSido
511,Novah,Ross,ROSS,515.123.8486,AD_VP,8605,0.4,108,70,IRzNEq2WhodVhDeh
512,Wesley,Perkins,PERKINS,515.123.8487,AD_VP,8606,0.41,108,70,oMwtLxXzhtujixMk
513,Sage,Combs,COMBS,515.123.8488,AD_VP,8607,0.41,108,70,bHK5a8Orxxat3Igp
514,Ahmad,Lam,LAM,515.123.8489,AD_VP,8608,0.41,108,70,0SIaDGUkDEWdBYQd
515,Karina,Bowers,BOWERS,515.123.8490,AD_VP,8609,0.41,108,70,tQLgLvJZJiB7xo4g
516,Dorian,Noble,NOBLE,515.123.8491,AD_VP,8610,0.41,108,70,YRtGUtrjthshWtCp
517,Hunter,Whitaker,WHITAKER,515.123.8492,AD_VP,8611,0.41,108,70,F6T54Wqabxffw1fZ
518,Keith,Duffy,DUFFY,515.123.8493,AD_VP,8612,0.41,108,70,5hacpQCxskKbYOc1
519,Addisyn,Sherman,SHERMAN,515.123.8494,AD_VP,8613,0.41,108,70,tXILjOQ8LD65kFbI
520,Adan,Morrison,MORRISON,515.123.8495,AD_VP,8614,0.41,108,70,vtl5HTTMoxtXiVYC
521,Rebecca,Gallagher,GALLAGHER,515.123.8496,AD_VP,8615,0.41,108,70,moTwVvHCwFW9qlxI
522,Marcos,Clayton,CLAYTON,515.123.8497,AD_VP,8616,0.42,108,70,xLVxYvrVXgw3pq63
523,Saige,Cardenas,CARDENAS,515.123.8498,AD_VP,8617,0.42,108,70,c8FMLmhKe1hZzLX1
524,Johnathan,Escobar,ESCOBAR,515.123.8499,AD_VP,8618,0.42,108,70,q1mJimEn6aEMTRpf
525,Erin,Aguilar,AGUILAR,515.123.8500,AD_VP,8619,0.42,108,70,KDdGrYAXehFVFYwd
526,Milo,Lane,LANE,515.123.8501,AD_VP,8620,0.42,108,70,eJXqbO7FXWwsjz4y
527,Amy,Morrow,MORROW,515.123.8502,AD_VP,8621,0.42,108,70,yvIaGE7kpEoxt0vv
528,Kyree,Hanson,HANSON,515.123.8503,AD_VP,8622,0.42,108,70,eQchZztnmVdVX01c
529,Mariana,Montoya,MONTOYA,515.123.8504,AD_VP,8623,0.42,108,70,YQoQZYzsjCWfjWSf
530,Ford,Aguirre,AGUIRRE,515.123.8505,AD_VP,8624,0.42,108,70,GPr6WfuEupKy6qHM
531,Ariah,Mitchell,MITCHELL,515.123.8506,AD_VP,8625,0.42,108,70,be0qJMXUT6MTm43S
532,Jaxon,Cohen,COHEN,515.123.8507,AD_VP,8626,0.43,108,70,voi2JkhXdYYdf874
533,Destiny,Clements,CLEMENTS,515.123.8508,AD_VP,8627,0.43,108,70,idfFPBoPGyvFtL7Q
534,Fisher,Kim,KIM,515.123.8509,AD_VP,8628,0.43,108,70,WiqLkFrMFi5ByUyp
535,Gabriella,Roy,ROY,515.123.8510,AD_VP,8629,0.43,108,70,7adiYnctqZkinUzR
536,Marcelo,Lin,LIN,515.123.8511,AD_VP,8630,0.43,108,70,df2PEg28ldcU3hYF
537,Makenna,Mann,MANN,515.123.8512,AD_VP,8631,0.43,108,70,TFatb8l6Ysr33j3R
538,Nehemiah,Ponce,PONCE,515.123.8513,AD_VP,8632,0.43,108,70,Ire1uD1fJnBXCugm
539,Aileen,Watts,WATTS,515.123.8514,AD_VP,8633,0.43,108,70,UFyQ2cGncIdj8P5J
540,Dakota,Young,YOUNG,515.123.8515,AD_VP,8634,0.43,108,70,l0zEcQWKNN5lD5On
541,Zoey,Estes,ESTES,515.123.8516,AD_VP,8635,0.43,108,70,C3vbDLVtutkuUy70
542,Hakeem,Murillo,MURILLO,515.123.8517,AD_VP,8636,0.44,108,70,EU5seJbYZzdPGsGa
543,Mikaela,Malone,MALONE,515.123.8518,AD_VP,8637,0.44,108,70,CA3vLo8FTj7u2I0y
544,Ruben,Benitez,BENITEZ,515.123.8519,AD_VP,8638,0.44,108,70,rQ2M2O1krshicYWd
545,Aliza,Davidson,DAVIDSON,515.123.8520,AD_VP,8639,0.44,108,70,pzSpbfOtlXiY5bop
546,Dante,Sullivan,SULLIVAN,515.123.8521,AD_VP,8640,0.44,108,70,Doyd4jlo0qc1I6fj
547,Melanie,Cochran,COCHRAN,515.123.8522,AD_VP,8641,0.44,108,70,7vSw3PNemjhoOMYC
548,Danny,Cuevas,CUEVAS,515.123.8523,AD_VP,8642,0.44,108,70,cVZ12dvzxJR2Ceot
549,Adele,Jordan,JORDAN,515.123.8524,AD_VP,8643,0.44,108,70,CiKPu6lQiE4qLKW7
550,Sawyer,Tang,TANG,515.123.8525,AD_VP,8644,0.44,108,70,sOA9MPMt7eLmKYvI
551,Belle,Miller,MILLER,515.123.8526,AD_VP,8645,0.44,108,70,w0J4BT3CQIl0lgDC
552,Benjamin,Fuller,FULLER,515.123.8527,AD_VP,8646,0.45,108,70,U6SQGnMIyMLbZJUn
553,Oakley,Olson,OLSON,515.123.8528,AD_VP,8647,0.45,108,70,qpXE5AQC21GJMnPn
554,Malachi,Duran,DURAN,515.123.8529,AD_VP,8648,0.45,108,70,xuHZx9yLlzQxjTNd
555,Willa,Cain,CAIN,515.123.8530,AD_VP,8649,0.45,108,70,uoTdih86uPHlFISz
556,Benson,Pruitt,PRUITT,515.123.8531,AD_VP,8650,0.45,108,70,K1lYz5Ic0o41RMuW
557,Brylee,Gould,GOULD,515.123.8532,AD_VP,8651,0.45,108,70,78QRyUYGndkVUuYH
558,Blaine,Dunlap,DUNLAP,515.123.8533,AD_VP,8652,0.45,108,70,xFqKQ4WGn3vUIa5E
559,Iliana,Nunez,NUNEZ,515.123.8534,AD_VP,8653,0.45,108,70,JD4931Hr63wEIQt1
560,Caden,Fischer,FISCHER,515.123.8535,AD_VP,8654,0.45,108,70,KaliHFNbCT3gOoYp
561,Maci,Gibson,GIBSON,515.123.8536,AD_VP,8655,0.45,108,70,PYuO6QfNTchc8zd7
562,Tyler,Deleon,DELEON,515.123.8537,AD_VP,8656,0.46,108,70,pVCrpYpIYb8GKvrI
563,Gabrielle,Cole,COLE,515.123.8538,AD_VP,8657,0.46,108,70,BjfkJnuHeB0cbpL5
564,Nathaniel,Wolf,WOLF,515.123.8539,AD_VP,8658,0.46,108,70,HiRmw5JOHUmQ2xe1
565,Jolene,Rosales,ROSALES,515.123.8540,AD_VP,8659,0.46,108,70,sbBeYkUj2caxMweJ
566,Wilder,Madden,MADDEN,515.123.8541,AD_VP,8660,0.46,108,70,9gq3VyYFwQutdyMU
567,Violette,Avalos,AVALOS,515.123.8542,AD_VP,8661,0.46,108,70,yulZjnq2TUmkf65Q
568,Coen,Peters,PETERS,515.123.8543,AD_VP,8662,0.46,108,70,KdmVXPqBdEcazI1s
569,Leila,Cannon,CANNON,515.123.8544,AD_VP,8663,0.46,108,70,NqdLEiKnRPmt4OGF
570,Archie,Ford,FORD,515.123.8545,AD_VP,8664,0.46,108,70,6otoOSZL5n8h7URv
571,Alexandra,Gentry,GENTRY,515.123.8546,AD_VP,8665,0.46,108,70,bs18pImIqBgg4Qw8
572,Magnus,Howard,HOWARD,515.123.8547,AD_VP,8666,0.47,108,70,IlHEOJLmL4Ct8OSa
573,Sophie,Trujillo,TRUJILLO,515.123.8548,AD_VP,8667,0.47,108,70,xWVxbzlAzronoPdI
574,Apollo,Payne,PAYNE,515.123.8549,AD_VP,8668,0.47,108,70,16oVQ4vgna9ssVmV
575,London,Hardin,HARDIN,515.123.8550,AD_VP,8669,0.47,108,80,2zX4dbXjFH6yJgPT
576,Hassan,Avery,AVERY,515.123.8551,AD_VP,8670,0.47,108,80,UMCqHlutUX4zBPSi
577,Meghan,Nguyen,NGUYEN,515.123.8552,AD_VP,8671,0.47,108,80,4ajCiWhgi68ldEHY
578,Gabriel,Bernard,BERNARD,515.123.8553,AD_VP,8672,0.47,108,80,9aPvFN7Z7UAeeyFZ
579,Barbara,Olson,OLSON,515.123.8554,AD_VP,8673,0.47,108,80,VbrtbguuPRnjyWJH
580,Malachi,Jarvis,JARVIS,515.123.8555,AD_VP,8674,0.47,108,80,0CYh5wSlvRwOgWvK
581,Elisabeth,Wilkins,WILKINS,515.123.8556,AD_VP,8675,0.47,108,80,Z8YcfeHTnwsIocic
582,Yusuf,Galvan,GALVAN,515.123.8557,AD_VP,8676,0.48,108,80,eyhyE3VX10uTLuV4
583,Dallas,Zimmerman,ZIMMERMAN,515.123.8558,AD_VP,8677,0.48,108,80,SQ0PbWHsgidpKpUw
584,Sergio,Ray,RAY,515.123.8559,AD_VP,8678,0.48,108,80,ko7OpbUDMakNBCq2
585,Ruth,McGee,MCGEE,515.123.8560,AD_VP,8679,0.48,108,80,vBieXUefWwPQWyom
586,Conner,Huber,HUBER,515.123.8561,AD_VP,8680,0.48,108,80,J0QbOhcc30YiCF18
587,Raquel,Powell,POWELL,515.123.8562,AD_VP,8681,0.48,108,80,ioWjxzk3jt76Ow9h
588,Bennett,Grimes,GRIMES,515.123.8563,AD_VP,8682,0.48,108,80,7iJ22fOPLqUOmt1f
589,Braelyn,Donaldson,DONALDSON,515.123.8564,AD_VP,8683,0.48,108,80,n2mUqAMRWqFVYaMI
590,Canaan,Cantu,CANTU,515.123.8565,AD_VP,8684,0.48,108,80,vHiy7CIoUbmqNZ9m
591,Galilea,Flores,FLORES,515.123.8566,AD_VP,8685,0.48,108,80,Lb2ueFJZ0crGpPMv
592,Lincoln,Cooper,COOPER,515.123.8567,AD_VP,8686,0.49,108,80,tnDAkjhiHiszZN2D
593,Serenity,Wade,WADE,515.123.8568,AD_VP,8687,0.49,108,80,G2jnIirW12e40D4q
594,Jake,Collier,COLLIER,515.123.8569,AD_VP,8688,0.49,108,80,POUMYx5iPRhvsNnz
595,Ivory,McDonald,MCDONALD,515.123.8570,AD_VP,8689,0.49,108,80,bI8Vr9Vhwl1EGFt5
596,Calvin,Swanson,SWANSON,515.123.8571,AD_VP,8690,0.49,108,80,W7GCEXe5TG363GL3
597,Helen,Chen,CHEN,515.123.8572,AD_VP,8691,0.49,108,80,Qxn9zaqtyrGSFgBL
598,Emmanuel,Huang,HUANG,515.123.8573,AD_VP,8692,0.49,108,80,hnS5UMpStPGk4tZl
599,Francesca,Sanford,SANFORD,515.123.8574,AD_VP,8693,0.49,108,80,7Sy7M3SjNKBzKemC
600,Truett,Wiley,WILEY,515.123.8575,AD_VP,8694,0.49,108,80,T7Vy31elmiNjxEGx